year,month,day,temperature_mean_c,temperature_min_c,temperature_max_c,dewpoint_mean_c,wind_speed_mean_ms,surface_pressure_mean_pa,precipitation_total_mm
2020,2,1,26.67512,24.469635,29.333405,22.326303,3.0874407,101209.24,0.30183792
2020,2,2,26.369507,23.582428,29.299957,21.712626,3.1747124,101394.914,0.13256073
2020,2,3,26.086325,23.851715,28.596832,21.19574,2.926582,101366.26,0.078201294
2020,2,4,26.1905,23.93106,28.519928,22.055868,3.0868149,101235.49,0.36001205
2020,2,5,26.104239,23.35025,28.871246,21.341421,2.6633942,101254.65,0.0023841858
2020,2,6,26.067474,23.605133,28.829987,21.381918,2.9789238,101260.875,0.0023841858
2020,2,7,26.672913,24.60318,29.163239,21.639862,3.7402027,101299.0,0.0
2020,2,8,27.061228,25.023102,29.472076,21.507162,3.821985,101319.16,0.0019073486
2020,2,9,26.898336,24.556305,29.225983,21.795786,3.8518445,101357.87,0.5116463
2020,2,10,26.849691,24.60147,29.310455,20.588745,3.8887303,101353.0,0.09346008
2020,2,11,26.84904,24.865631,29.295563,22.07132,4.340362,101398.32,1.5330315
2020,2,12,26.755606,24.540192,29.075836,22.582062,4.5440874,101492.5,1.3198853
2020,2,13,26.302317,23.245758,29.342194,21.692627,2.990799,101354.52,0.0052452087
2020,2,14,26.055084,22.926666,30.014069,20.92283,2.1118505,101164.99,0.0
2020,2,15,25.624664,22.51358,29.933746,19.871744,2.051443,101201.54,0.0023841858
2020,2,16,25.789377,23.112457,29.06485,20.300802,2.3472774,101349.88,0.00047683716
2020,2,17,25.808268,23.404694,29.340729,19.924387,2.1142416,101409.5,0.00047683716
2020,2,18,25.918497,23.381012,29.184723,20.141632,2.248295,101363.336,0.0
2020,2,19,25.891684,23.663483,28.685211,20.054403,2.692497,101342.086,0.0
2020,2,20,26.145071,23.379791,29.147858,19.99647,2.659823,101342.02,0.0009536743
2020,2,21,27.082,23.749664,29.25235,21.65806,4.0915713,101465.02,0.15544891
2020,2,22,27.317423,25.092926,29.475739,22.968618,4.409737,101506.65,0.54883957
2020,2,23,26.935913,24.248932,29.192291,22.803762,3.633666,101387.25,0.32281876
2020,2,24,27.012848,24.436188,29.540924,22.86439,3.0978005,101150.35,0.015258789
2020,2,25,27.428528,25.143219,30.093903,23.321442,3.2085102,101042.56,0.17213821
2020,2,26,27.296661,25.392242,29.833649,23.160135,2.765052,101100.914,0.17690659
2020,2,27,27.228638,25.317291,29.637604,22.881144,3.0422564,101127.9,0.030040741
2020,2,28,27.209372,24.935211,29.689362,22.484344,3.328488,101049.414,0.118255615
2021,2,1,26.444326,24.258453,28.883698,21.421103,3.922877,101445.28,0.00333786
2021,2,2,26.428415,24.319,28.82608,21.696798,3.7660625,101430.88,0.4377365
2021,2,3,25.731293,23.192047,28.127106,20.4439,3.7872562,101410.91,0.0
2021,2,4,25.383566,22.322906,28.346344,18.966623,3.6451378,101392.66,0.0
2021,2,5,25.037558,22.325348,27.896637,19.20523,3.4534905,101284.34,0.0
2021,2,6,25.00118,22.30606,28.228668,19.436728,3.4178307,101201.26,0.0
2021,2,7,25.15618,22.410553,28.344635,20.296753,4.00987,101260.07,0.0
2021,2,8,25.725962,23.147125,28.44815,20.36254,4.0949473,101323.336,0.00047683716
2021,2,9,25.516928,22.65274,28.298248,18.41503,3.7857008,101243.27,0.0
2021,2,10,24.896994,22.37149,28.006012,19.004007,2.6058042,101158.52,0.0
2021,2,11,24.654673,22.396393,27.499908,18.125559,2.125652,101144.59,0.0047683716
2021,2,12,25.153177,22.246979,28.194977,18.22172,2.6044126,101213.88,0.0023841858
2021,2,13,25.154581,22.705719,28.246735,18.608389,1.9739923,101295.875,0.0
2021,2,14,25.367767,22.609283,28.09317,19.53009,2.0390031,101266.81,0.0014305115
2021,2,15,25.276346,22.858063,28.28897,20.210266,2.2211227,101130.96,0.0
2021,2,16,25.296173,23.044586,28.716461,20.73292,2.151309,101101.81,0.0
2021,2,17,25.506907,23.483551,27.661041,19.866638,2.6341918,101119.49,0.0
2021,2,18,26.227081,24.187408,28.59732,19.88565,3.5661829,101215.586,0.1578331
2021,2,19,25.713614,23.890533,27.825592,22.261484,4.0258684,101240.73,3.3898354
2021,2,20,25.259176,23.469635,27.718903,22.13262,4.133057,101213.96,16.411781
2021,2,21,25.616577,24.150787,27.02652,22.598154,3.4257858,101291.6,20.24746
2021,2,22,26.717875,24.198395,29.359283,22.575287,3.4747639,101254.85,0.32615662
2021,2,23,26.19398,23.894684,29.17276,22.504587,2.54167,101146.76,0.0023841858
2021,2,24,25.892233,23.682526,29.24649,21.820608,1.7956077,101081.336,0.005722046
2021,2,25,25.761557,23.195465,29.185455,21.833872,1.7401017,101026.52,0.00047683716
2021,2,26,26.195944,23.548004,30.282135,22.477804,2.4461873,100878.51,0.0
2021,2,27,26.177856,23.183014,30.369293,22.77355,2.8979528,100821.625,0.0166893
2021,2,28,25.896942,23.101715,29.39151,22.555155,2.61054,100955.88,0.031471252
2022,2,1,25.418802,22.739166,28.575592,20.430899,2.0180862,101030.1,0.0019073486
2022,2,2,24.757599,22.418121,28.03946,19.936941,2.2313273,101124.59,0.0047683716
2022,2,3,25.222921,22.944733,27.858795,20.32067,2.92235,101019.31,0.0
2022,2,4,26.734995,24.213531,29.682037,22.223907,2.9465256,100872.086,0.0
2022,2,5,27.008383,24.842194,29.235992,22.575388,2.920555,101022.35,0.47683716
2022,2,6,26.555704,23.897614,29.064606,21.106699,3.6460145,101282.69,0.42533875
2022,2,7,26.09493,23.352448,29.092438,19.888245,3.2262866,101269.69,0.0
2022,2,8,25.788462,23.390533,28.722809,19.789072,3.0490797,101179.56,0.0
2022,2,9,25.863535,23.939117,28.179596,19.920502,3.6391604,101177.81,0.00667572
2022,2,10,26.429098,24.564117,29.09732,20.009604,3.7146165,101093.82,0.009059906
2022,2,11,26.862467,24.996979,29.076813,21.385977,4.7022834,101091.03,0.0047683716
2022,2,12,26.921173,24.845612,29.398346,21.101837,4.532372,101037.15,0.0
2022,2,13,26.514048,24.079987,29.372223,20.818705,3.7942922,100967.35,0.08392334
2022,2,14,26.105917,23.88321,28.440582,20.451721,4.210521,100992.875,0.68998337
2022,2,15,26.067545,23.458405,28.566315,19.638418,3.66948,100977.65,0.0
2022,2,16,25.693634,23.359283,28.620758,19.959259,2.839358,100759.914,0.0
2022,2,17,26.133707,23.69693,28.746735,20.381613,3.2520053,100734.695,0.0
2022,2,18,26.692392,24.269684,29.49234,20.621094,3.644694,100930.0,0.0
2022,2,19,26.663248,24.089508,29.51529,20.99285,3.194939,101086.59,0.0
2022,2,20,26.568136,24.044342,29.85904,21.78425,2.583876,100929.0,0.0
2022,2,21,27.28176,24.27652,31.13321,23.013815,3.3363125,100829.664,0.00047683716
2022,2,22,27.51715,24.910797,30.649323,23.300608,2.733497,101112.54,0.04673004
2022,2,23,26.98295,24.633453,29.800934,22.117859,3.415561,101353.164,0.046253204
2022,2,24,26.592112,23.480133,29.846832,20.876547,3.0480835,101403.91,0.0
2022,2,25,26.134766,23.983063,29.21524,20.198996,2.9018795,101309.07,0.0
2022,2,26,26.879263,24.695953,29.503326,21.314362,3.4412334,101340.625,0.15544891
2022,2,27,26.928823,24.241608,29.931305,21.157095,3.518913,101305.04,0.0
2022,2,28,27.106241,24.389557,30.473541,21.513428,2.9490426,101240.27,0.0
2023,2,1,26.710022,25.74356,28.322662,22.688263,5.8145785,100959.97,2.0489693
2023,2,2,26.891947,25.819733,27.974518,22.042002,5.6059976,101034.27,0.18405914
2023,2,3,27.095642,25.326324,29.069,21.914581,4.950664,101090.53,0.19931793
2023,2,4,26.298746,23.371735,29.036041,21.458984,3.3712797,101051.086,0.0
2023,2,5,25.677603,23.077057,28.81192,21.259012,2.8318317,101059.4,0.00047683716
2023,2,6,25.566935,23.153473,28.651031,21.747793,2.332391,101060.805,0.00333786
2023,2,7,25.654898,23.098297,29.093414,21.686798,2.03332,101042.164,0.0019073486
2023,2,8,25.64089,23.306793,28.863434,21.433512,1.8539153,101069.75,0.006198883
2023,2,9,25.289886,22.5878,28.649323,21.326233,1.7716907,101164.28,0.024795532
2023,2,10,25.419067,22.196198,29.558746,21.001678,2.1011317,101216.66,0.008583069
2023,2,11,25.069174,21.686188,28.707916,20.90328,1.6570067,101234.99,0.00667572
2023,2,12,25.171722,21.517975,29.682281,20.18342,1.765261,101236.43,0.0071525574
2023,2,13,25.088388,20.754303,29.388092,20.377817,1.819356,101265.44,0.011444092
2023,2,14,25.11796,21.703522,28.809967,21.002829,1.9383689,101198.664,0.022411346
2023,2,15,25.27955,22.254059,29.108307,21.170755,2.0380418,101084.38,0.0047683716
2023,2,16,25.325418,22.639313,28.915192,21.1521,1.6939164,101156.164,0.01001358
2023,2,17,25.254953,22.43155,28.50528,20.496592,2.0376487,101201.9,0.014781952
2023,2,18,26.271048,23.729156,29.5336,21.47172,2.3763542,101205.055,0.002861023
2023,2,19,26.29068,23.56778,29.477692,21.641409,2.22173,101220.71,0.011920929
2023,2,20,26.082754,23.35904,29.944733,20.931854,1.6472526,101221.375,0.00333786
2023,2,21,26.477865,23.461578,30.297028,20.910309,1.9852904,101221.625,0.0
2023,2,22,26.058563,22.920807,29.9711,20.146585,2.2584903,101185.84,0.00333786
2023,2,23,26.341227,23.111237,30.158112,20.520151,2.3021815,101172.99,0.0
2023,2,24,26.043182,22.620514,29.815094,20.50532,2.0458686,101290.24,0.0042915344
2023,2,25,25.683023,22.616852,29.850739,20.383606,1.7991322,101408.44,0.0
2023,2,26,25.550385,22.286774,29.513336,20.683634,2.159205,101532.23,0.016212463
2023,2,27,26.664297,23.509674,30.755768,20.825378,2.8920498,101493.26,0.0
2023,2,28,27.354462,24.965973,30.080475,22.651367,3.4821517,101499.125,0.0
2024,2,1,27.15268,25.426666,28.841217,24.066854,2.792493,101335.5,0.8921623
2024,2,2,27.26542,25.198639,29.850739,23.886374,2.7240458,101307.28,0.38337708
2024,2,3,26.618967,24.650543,29.338287,22.686707,2.474294,101419.69,0.01001358
2024,2,4,26.611908,24.346344,29.568512,22.438822,2.507036,101544.12,0.0009536743
2024,2,5,26.369345,24.075104,29.122955,21.991343,2.228879,101554.555,0.0038146973
2024,2,6,25.970194,23.389557,28.898834,21.971426,2.2618785,101475.81,0.0019073486
2024,2,7,25.920776,22.673248,29.516266,22.140646,1.8858461,101409.37,0.008583069
2024,2,8,26.118845,23.261383,29.540924,22.854736,2.062948,101324.37,0.056266785
2024,2,9,27.047598,24.863434,29.584137,22.921946,2.7177422,101441.6,0.0371933
2024,2,10,27.445984,25.284088,29.902496,22.913778,3.2801473,101527.53,0.19645691
2024,2,11,26.545227,24.187164,29.145905,21.886301,3.4192483,101587.22,0.038146973
2024,2,12,26.8042,24.424225,29.38443,21.137808,3.2980602,101530.29,0.005722046
2024,2,13,27.394968,25.231354,29.815826,22.461172,4.3585143,101434.88,0.14638901
2024,2,14,27.148376,24.97232,30.11026,22.531067,3.2989388,101367.04,0.0009536743
2024,2,15,27.009714,24.928375,29.59024,22.182566,3.5549905,101397.305,0.002861023
2024,2,16,27.22294,24.801666,30.114166,22.18995,3.430411,101395.62,0.0
2024,2,17,26.84501,23.558014,30.227692,21.96337,2.976391,101252.63,0.0
2024,2,18,26.754343,24.067535,29.936188,22.366354,2.5504513,101204.73,0.008583069
2024,2,19,27.323263,24.87027,30.39273,22.595469,2.702364,101230.73,0.0047683716
2024,2,20,27.199982,24.915192,30.189117,22.620474,3.0542,101175.586,0.0014305115
2024,2,21,27.628286,24.932037,30.998444,23.050018,3.8739345,101025.72,0.0019073486
2024,2,22,28.236063,26.214508,30.805084,24.068665,4.642899,101042.34,0.005722046
2024,2,23,28.767477,27.240631,30.938873,25.10202,4.7284417,100986.73,0.187397
2024,2,24,28.521933,26.553864,30.662506,23.501709,4.346905,101067.31,0.13113022
2024,2,25,27.879465,26.1586,29.694244,22.54252,3.6260016,101065.19,0.05197525
2024,2,26,27.930521,26.021637,30.207672,22.77707,4.7244544,101181.336,0.39863586
2024,2,27,27.825256,25.53775,30.434235,23.060965,3.577638,101195.85,0.006198883
2024,2,28,27.464529,24.322418,30.777985,22.725607,3.3318956,101103.02,0.002861023
